Risk ID,Risk Category,Risk Description,Likelihood,Impact,Mitigation Strategy,Responsible Party,Monitoring & Review Frequency
AI-RISK-1,Bias & Fairness,Potential for algorithmic bias in decision-making,High,Severe,Implement bias detection & mitigation strategies,Data Science Team,Quarterly
AI-RISK-2,Security & Privacy,Data security vulnerabilities,Medium,Moderate,Enhance cybersecurity measures,Security Team,Annually
AI-RISK-3,Explainability & Transparency,Lack of explainability in model outputs,Low,Minor,Ensure AI system interpretability,AI Ethics Committee,Biannually
AI-RISK-4,Ethical & Legal Compliance,AI model non-compliance with ethical standards,High,Severe,Adhere to ethical AI guidelines,Legal & Compliance,Quarterly
AI-RISK-5,Performance & Reliability,Inconsistent AI performance under different conditions,Medium,Moderate,Conduct rigorous performance testing,QA Team,Annually
AI-RISK-6,Human-AI Interaction,Unclear responsibility in human-AI collaboration,Low,Minor,Define clear human oversight policies,Human-AI Interface Team,Biannually
AI-RISK-7,Operational Resilience,System failure under stress conditions,High,Severe,Implement robust failover mechanisms,Operations,Quarterly
AI-RISK-8,Data Management,Poor quality training data impacting model outputs,Medium,Moderate,"Use high-quality, diverse datasets",Data Management,Annually
AI-RISK-9,Governance & Accountability,Lack of clear governance policies,Low,Minor,Establish AI governance frameworks,Governance Board,Biannually
AI-RISK-10,Regulatory Compliance,Failure to comply with AI regulations,High,Severe,Regular audits for regulatory compliance,Regulatory Affairs,Quarterly
AI-RISK-11,Supply Chain & Third-Party Risks,Dependence on third-party AI components,Medium,Moderate,Vet third-party AI components rigorously,Procurement,Annually
AI-RISK-12,Environmental Impact,High energy consumption in AI model training,Low,Minor,Optimize AI models for energy efficiency,Sustainability,Biannually
AI-RISK-13,Misinformation & Disinformation,AI-generated misinformation affecting public perception,High,Severe,Develop AI content verification tools,Media & Communications,Quarterly
AI-RISK-14,Economic Impact,Economic displacement due to AI automation,Medium,Moderate,Reskill workforce impacted by AI automation,HR & Workforce Planning,Annually
AI-RISK-15,Safety & Well-being,Potential physical harm from autonomous AI systems,Low,Minor,Conduct safety assessments for AI deployment,Safety Team,Biannually
AI-RISK-16,Bias & Fairness,Potential for algorithmic bias in decision-making,High,Severe,Implement bias detection & mitigation strategies,Data Science Team,Quarterly
AI-RISK-17,Security & Privacy,Data security vulnerabilities,Medium,Moderate,Enhance cybersecurity measures,Security Team,Annually
AI-RISK-18,Explainability & Transparency,Lack of explainability in model outputs,Low,Minor,Ensure AI system interpretability,AI Ethics Committee,Biannually
AI-RISK-19,Ethical & Legal Compliance,AI model non-compliance with ethical standards,High,Severe,Adhere to ethical AI guidelines,Legal & Compliance,Quarterly
AI-RISK-20,Performance & Reliability,Inconsistent AI performance under different conditions,Medium,Moderate,Conduct rigorous performance testing,QA Team,Annually
AI-RISK-21,Human-AI Interaction,Unclear responsibility in human-AI collaboration,Low,Minor,Define clear human oversight policies,Human-AI Interface Team,Biannually
AI-RISK-22,Operational Resilience,System failure under stress conditions,High,Severe,Implement robust failover mechanisms,Operations,Quarterly
AI-RISK-23,Data Management,Poor quality training data impacting model outputs,Medium,Moderate,"Use high-quality, diverse datasets",Data Management,Annually
AI-RISK-24,Governance & Accountability,Lack of clear governance policies,Low,Minor,Establish AI governance frameworks,Governance Board,Biannually
AI-RISK-25,Regulatory Compliance,Failure to comply with AI regulations,High,Severe,Regular audits for regulatory compliance,Regulatory Affairs,Quarterly
AI-RISK-26,Supply Chain & Third-Party Risks,Dependence on third-party AI components,Medium,Moderate,Vet third-party AI components rigorously,Procurement,Annually
AI-RISK-27,Environmental Impact,High energy consumption in AI model training,Low,Minor,Optimize AI models for energy efficiency,Sustainability,Biannually
AI-RISK-28,Misinformation & Disinformation,AI-generated misinformation affecting public perception,High,Severe,Develop AI content verification tools,Media & Communications,Quarterly
AI-RISK-29,Economic Impact,Economic displacement due to AI automation,Medium,Moderate,Reskill workforce impacted by AI automation,HR & Workforce Planning,Annually
AI-RISK-30,Safety & Well-being,Potential physical harm from autonomous AI systems,Low,Minor,Conduct safety assessments for AI deployment,Safety Team,Biannually
AI-RISK-31,Bias & Fairness,Potential for algorithmic bias in decision-making,High,Severe,Implement bias detection & mitigation strategies,Data Science Team,Quarterly
AI-RISK-32,Security & Privacy,Data security vulnerabilities,Medium,Moderate,Enhance cybersecurity measures,Security Team,Annually
AI-RISK-33,Explainability & Transparency,Lack of explainability in model outputs,Low,Minor,Ensure AI system interpretability,AI Ethics Committee,Biannually
AI-RISK-34,Ethical & Legal Compliance,AI model non-compliance with ethical standards,High,Severe,Adhere to ethical AI guidelines,Legal & Compliance,Quarterly
AI-RISK-35,Performance & Reliability,Inconsistent AI performance under different conditions,Medium,Moderate,Conduct rigorous performance testing,QA Team,Annually
AI-RISK-36,Human-AI Interaction,Unclear responsibility in human-AI collaboration,Low,Minor,Define clear human oversight policies,Human-AI Interface Team,Biannually
AI-RISK-37,Operational Resilience,System failure under stress conditions,High,Severe,Implement robust failover mechanisms,Operations,Quarterly
AI-RISK-38,Data Management,Poor quality training data impacting model outputs,Medium,Moderate,"Use high-quality, diverse datasets",Data Management,Annually
AI-RISK-39,Governance & Accountability,Lack of clear governance policies,Low,Minor,Establish AI governance frameworks,Governance Board,Biannually
AI-RISK-40,Regulatory Compliance,Failure to comply with AI regulations,High,Severe,Regular audits for regulatory compliance,Regulatory Affairs,Quarterly
AI-RISK-41,Supply Chain & Third-Party Risks,Dependence on third-party AI components,Medium,Moderate,Vet third-party AI components rigorously,Procurement,Annually
AI-RISK-42,Environmental Impact,High energy consumption in AI model training,Low,Minor,Optimize AI models for energy efficiency,Sustainability,Biannually
AI-RISK-43,Misinformation & Disinformation,AI-generated misinformation affecting public perception,High,Severe,Develop AI content verification tools,Media & Communications,Quarterly
AI-RISK-44,Economic Impact,Economic displacement due to AI automation,Medium,Moderate,Reskill workforce impacted by AI automation,HR & Workforce Planning,Annually
AI-RISK-45,Safety & Well-being,Potential physical harm from autonomous AI systems,Low,Minor,Conduct safety assessments for AI deployment,Safety Team,Biannually
AI-RISK-46,Bias & Fairness,Potential for algorithmic bias in decision-making,High,Severe,Implement bias detection & mitigation strategies,Data Science Team,Quarterly
AI-RISK-47,Security & Privacy,Data security vulnerabilities,Medium,Moderate,Enhance cybersecurity measures,Security Team,Annually
AI-RISK-48,Explainability & Transparency,Lack of explainability in model outputs,Low,Minor,Ensure AI system interpretability,AI Ethics Committee,Biannually
AI-RISK-49,Ethical & Legal Compliance,AI model non-compliance with ethical standards,High,Severe,Adhere to ethical AI guidelines,Legal & Compliance,Quarterly
AI-RISK-50,Performance & Reliability,Inconsistent AI performance under different conditions,Medium,Moderate,Conduct rigorous performance testing,QA Team,Annually
AI-RISK-51,Human-AI Interaction,Unclear responsibility in human-AI collaboration,Low,Minor,Define clear human oversight policies,Human-AI Interface Team,Biannually
AI-RISK-52,Operational Resilience,System failure under stress conditions,High,Severe,Implement robust failover mechanisms,Operations,Quarterly
AI-RISK-53,Data Management,Poor quality training data impacting model outputs,Medium,Moderate,"Use high-quality, diverse datasets",Data Management,Annually
AI-RISK-54,Governance & Accountability,Lack of clear governance policies,Low,Minor,Establish AI governance frameworks,Governance Board,Biannually
AI-RISK-55,Regulatory Compliance,Failure to comply with AI regulations,High,Severe,Regular audits for regulatory compliance,Regulatory Affairs,Quarterly
AI-RISK-56,Supply Chain & Third-Party Risks,Dependence on third-party AI components,Medium,Moderate,Vet third-party AI components rigorously,Procurement,Annually
AI-RISK-57,Environmental Impact,High energy consumption in AI model training,Low,Minor,Optimize AI models for energy efficiency,Sustainability,Biannually
AI-RISK-58,Misinformation & Disinformation,AI-generated misinformation affecting public perception,High,Severe,Develop AI content verification tools,Media & Communications,Quarterly
AI-RISK-59,Economic Impact,Economic displacement due to AI automation,Medium,Moderate,Reskill workforce impacted by AI automation,HR & Workforce Planning,Annually
AI-RISK-60,Safety & Well-being,Potential physical harm from autonomous AI systems,Low,Minor,Conduct safety assessments for AI deployment,Safety Team,Biannually
AI-RISK-61,Bias & Fairness,Potential for algorithmic bias in decision-making,High,Severe,Implement bias detection & mitigation strategies,Data Science Team,Quarterly
AI-RISK-62,Security & Privacy,Data security vulnerabilities,Medium,Moderate,Enhance cybersecurity measures,Security Team,Annually
AI-RISK-63,Explainability & Transparency,Lack of explainability in model outputs,Low,Minor,Ensure AI system interpretability,AI Ethics Committee,Biannually
AI-RISK-64,Ethical & Legal Compliance,AI model non-compliance with ethical standards,High,Severe,Adhere to ethical AI guidelines,Legal & Compliance,Quarterly
AI-RISK-65,Performance & Reliability,Inconsistent AI performance under different conditions,Medium,Moderate,Conduct rigorous performance testing,QA Team,Annually
AI-RISK-66,Human-AI Interaction,Unclear responsibility in human-AI collaboration,Low,Minor,Define clear human oversight policies,Human-AI Interface Team,Biannually
AI-RISK-67,Operational Resilience,System failure under stress conditions,High,Severe,Implement robust failover mechanisms,Operations,Quarterly
AI-RISK-68,Data Management,Poor quality training data impacting model outputs,Medium,Moderate,"Use high-quality, diverse datasets",Data Management,Annually
AI-RISK-69,Governance & Accountability,Lack of clear governance policies,Low,Minor,Establish AI governance frameworks,Governance Board,Biannually
AI-RISK-70,Regulatory Compliance,Failure to comply with AI regulations,High,Severe,Regular audits for regulatory compliance,Regulatory Affairs,Quarterly
